train_holdout_auc_diff,synth_train_auc_diff,auc_diff_ratio,train_holdout_tpr_diff,synth_train_tpr_diff,tpr_diff_ratio
-0.0010000000000000009,0.04500000000000004,-46.0,0.0,0.0,
-0.017000000000000015,0.01100000000000001,-1.6470588235294117,-0.037,0.0,-1.0
-0.017000000000000015,-0.0040000000000000036,-0.7647058823529411,-0.015999999999999993,0.032,-3.000000000000001
-0.014000000000000012,0.02399999999999991,-2.7142857142857064,-0.002,-0.002,-0.0
-0.007000000000000006,0.028000000000000025,-5.0,-0.0020000000000000018,0.011,-6.499999999999995
-0.010000000000000009,0.08400000000000007,-9.4,-0.0030000000000000027,0.152,-51.66666666666662
-0.01100000000000001,0.10199999999999998,-10.272727272727263,0.0,-0.005,-inf
-0.0020000000000000018,0.11099999999999999,-56.49999999999994,0.0,-0.005,-inf
