train_holdout_auc_diff,synth_train_auc_diff,auc_diff_ratio,train_holdout_tpr_diff,synth_train_tpr_diff,tpr_diff_ratio
-0.0010000000000000009,0.18500000000000005,-185.9999999999999,0.0,-0.003,-inf
-0.020000000000000018,0.02200000000000002,-2.1,-0.045,0.012999999999999998,-1.2888888888888888
-0.014000000000000012,0.040000000000000036,-3.857142857142857,-0.015999999999999993,0.035,-3.1875000000000013
-0.014000000000000012,0.11299999999999999,-9.071428571428564,-0.002,0.003,-2.5
-0.007000000000000006,0.11099999999999999,-16.85714285714284,-0.0020000000000000018,0.016,-8.999999999999993
0.0,0.17599999999999993,inf,0.0,0.0,
-0.017000000000000015,0.1459999999999999,-9.588235294117634,0.0,0.0,
