train_holdout_auc_diff,synth_train_auc_diff,auc_diff_ratio,train_holdout_tpr_diff,synth_train_tpr_diff,tpr_diff_ratio
-0.017000000000000015,0.06699999999999995,-4.941176470588228,0.0,0.0,
-0.025999999999999912,0.05500000000000005,-3.1153846153846243,-0.017000000000000005,0.018,-2.0588235294117645
-0.0010000000000000009,0.10099999999999998,-101.99999999999989,0.0,0.018,inf
0.013000000000000012,0.07999999999999996,5.153846153846145,-0.018,-0.105,4.833333333333333
0.09599999999999997,0.17999999999999994,0.8749999999999999,0.0,0.018,inf
-0.04600000000000004,0.09399999999999997,-3.0434782608695627,0.0,0.0,
-0.07600000000000007,0.04299999999999993,-1.565789473684209,0.0,0.0,
