train_holdout_auc_diff,synth_train_auc_diff,auc_diff_ratio,train_holdout_tpr_diff,synth_train_tpr_diff,tpr_diff_ratio
-0.017000000000000015,-0.02400000000000002,0.4117647058823529,0.0,0.0,
-0.016999999999999904,0.05700000000000005,-4.35294117647061,0.0,0.018,inf
-0.04500000000000004,-0.0050000000000000044,-0.8888888888888888,0.0,0.018,inf
0.013000000000000012,0.06999999999999995,4.384615384615376,-0.018,0.0,-1.0
0.09599999999999997,0.10099999999999998,0.05208333333333339,0.0,0.018,inf
-0.020000000000000018,-0.018000000000000016,-0.1,0.0,0.088,inf
-0.027000000000000024,0.014000000000000012,-1.5185185185185186,0.0,0.0,
-0.019000000000000017,0.0,-1.0,0.0,0.0,
