train_holdout_auc_diff,synth_train_auc_diff,auc_diff_ratio,train_holdout_tpr_diff,synth_train_tpr_diff,tpr_diff_ratio
0.0009999999999998899,0.04899999999999993,48.00000000000533,0.0,0.0,
-0.020000000000000018,0.12,-6.999999999999995,-0.02200000000000002,0.226,-11.272727272727264
-0.0129999999999999,0.17700000000000005,-14.615384615384723,-0.027999999999999997,0.166,-6.92857142857143
-0.006000000000000005,0.21599999999999997,-36.999999999999964,0.002,0.004,1.0
-0.020999999999999908,0.18800000000000006,-9.952380952380995,-0.045999999999999985,0.134,-3.9130434782608705
-0.0030000000000000027,0.30499999999999994,-102.66666666666656,0.0,0.0,
-0.0040000000000000036,0.2619999999999999,-66.49999999999991,0.0,0.0,
