train_holdout_auc_diff,synth_train_auc_diff,auc_diff_ratio,train_holdout_tpr_diff,synth_train_tpr_diff,tpr_diff_ratio
0.0019999999999998908,0.005999999999999894,2.000000000000111,0.0,0.0,
-0.015000000000000013,0.06300000000000006,-5.2,-0.008000000000000007,0.10800000000000001,-14.49999999999999
-0.01100000000000001,0.02399999999999991,-3.181818181818172,-0.021999999999999992,0.11000000000000001,-6.000000000000003
-0.006000000000000005,0.04799999999999993,-8.999999999999982,0.002,-0.055999999999999994,-28.999999999999996
-0.020999999999999908,0.05400000000000005,-3.571428571428585,-0.045999999999999985,0.022000000000000006,-1.4782608695652177
-0.0010000000000000009,0.0030000000000000027,-4.0,0.0,-0.02400000000000002,-inf
-0.0010000000000000009,0.11499999999999999,-115.99999999999989,0.0,-0.02,-inf
0.0010000000000000009,0.11099999999999999,109.99999999999989,0.0,-0.016,-inf
